images,labels,split
NFL/Nfl046.jpg,0,train
NML/Nml089.jpg,0,train
Gzl/gzl88.jpg,0,train
FAL/Fal012.jpg,0,train
FBL/FBL032.JPG,0,train
NCL/Ncl006.jpg,0,train
NCL/Ncl035.jpg,0,train
NCL/Ncl050.jpg,0,train
NCL/Ncl076.jpg,0,train
NHL/Nhl013.jpg,0,train
NIL/Nil033.jpg,0,train
NLL/Nll030.jpg,0,train
NLL/NLL034.JPG,0,train
NLL/Nll060.jpg,0,train
NLL/Nll072.jpg,0,train
NML/Nml030.jpg,0,train
Adl/Adl381.jpg,0,train
A2l/Abl108.jpg,0,train
A1l/Aal048.jpg,0,train
A2l/Abl135.jpg,0,train
A2l/Abl141.jpg,0,train
A2l/Abl147.jpg,0,train
A2l/Abl157.jpg,0,train
A2l/Abl185.jpg,0,train
A3l/Acl271.jpg,0,train
Adl/Adl311.jpg,0,train
Adl/Adl321.jpg,0,train
Ael/Ael431.jpg,0,train
Ael/Ael452.jpg,0,train
Gzl/gzl22.jpg,0,train
Gzl/gzl54.jpg,0,train
Gal/Gal045.jpg,0,train
Gal/Gal047.jpg,0,train
FAL/FAL036.JPG,0,train
FAL/FAL054.JPG,0,train
FBL/FBL012.JPG,0,train
FCL/Fcl014.jpg,0,train
FEL/Fel100.jpg,0,train
FFL/FFL006.JPG,0,train
FDL/Fdl020.jpg,0,train
Gcl/Gcl073.jpg,0,train
Ggl/Ggl060.jpg,0,train
Fhl/Fhl082.jpg,0,train
NML/Nml045.jpg,0,train
A2l/Abl183.jpg,0,train
NFL/Nfl044.jpg,0,train
NLL/NLL052.JPG,0,train
NLL/Nll056.jpg,0,train
A2l/Abl189.jpg,0,train
Adl/Adl331.jpg,0,train
Fgl/Fgl020.jpg,0,train
NAL/Nal044.jpg,1,train
NAL/Nal075.jpg,1,train
NAL/Nal084.jpg,1,train
NHL/Nhl009.jpg,1,train
Ael/Ael496.jpg,1,train
FCL/Fcl044.jpg,1,train
Fil/Fil070.jpg,1,train
NAL/Nal025.jpg,1,train
NFL/Nfl063.jpg,1,train
NGL/Ngl039.jpg,1,train
NIL/Nil088.jpg,1,train
NIL/Nil096.jpg,1,train
NIL/Nil100.jpg,1,train
NLL/Nll004.jpg,1,train
FEL/Fel098.jpg,1,train
New/newl032.jpg,1,train
New/newl043.jpg,1,train
NBL/Nbl065.jpg,1,train
NIL/Nil093.jpg,1,train
Gdl/Gdl089.jpg,1,train
New/newl055.jpg,1,train
FCL/FCL054.JPG,1,train
NCL/Ncl093.jpg,0,train
NDL/Ndl054.jpg,0,train
NDL/Ndl061.jpg,0,train
NGL/Ngl060.jpg,0,train
NIL/Nil041.jpg,0,train
NML/NML092.jpg,0,train
Fll/Fll077.jpg,0,train
Fgl/Fgl023.jpg,0,train
NML/Nml043.jpg,0,train
NML/Nml087.jpg,0,train
FDL/FDL026.JPG,0,train
NCL/Ncl010.jpg,0,train
NCL/Ncl014.jpg,0,train
NCL/Ncl064.jpg,0,train
NCL/Ncl079.jpg,0,train
NGL/Ngl074.jpg,0,train
NGL/Ngl096.jpg,0,train
NIL/Nil052.jpg,0,train
A2l/Abl129.jpg,0,train
A3l/Acl201.jpg,0,train
A3l/Acl249.jpg,0,train
Adl/Adl391.jpg,0,train
A3l/Acl239.jpg,0,train
Gzl/gzl10.jpg,0,train
Gzl/gzl84.jpg,0,train
Gzl/gzl32.jpg,0,train
Gzl/gzl36.jpg,0,train
Gal/Gal043.jpg,0,train
Gal/Gal006.jpg,0,train
FAL/Fal020.jpg,0,train
FAL/Fal090.jpg,0,train
FBL/Fbl024.jpg,0,train
FBL/Fbl044.jpg,0,train
FCL/Fcl012.jpg,0,train
FCL/Fcl034.jpg,0,train
FCL/Fcl070.jpg,0,train
FCL/Fcl076.jpg,0,train
FCL/Fcl096.jpg,0,train
FEL/Fel070.jpg,0,train
FFL/Ffl100.jpg,0,train
Fgl/Fgl036.jpg,0,train
Fgl/Fgl008.jpg,0,train
Fll/Fll091.jpg,0,train
Fhl/Fhl078.jpg,0,train
Fml/Fml010.jpg,0,train
Ggl/Ggl090.jpg,0,train
NCL/Ncl071.jpg,0,train
Gal/Gal062.jpg,0,train
NFL/Nfl042.jpg,0,train
NLL/Nll038.jpg,0,train
NLL/Nll048.jpg,0,train
NML/NML032.JPG,0,train
NML/Nml065.jpg,0,train
Ael/Ael521.jpg,0,train
Fgl/Fgl035.jpg,0,train
NBL/Nbl010.jpg,1,train
NBL/Nbl015.jpg,1,train
Gal/Gal240.jpg,1,train
FCL/Fcl040.jpg,1,train
FFL/Ffl080.jpg,1,train
Gcl/Gcl003.jpg,1,train
NAL/Nal018.jpg,1,train
NAL/Nal058.jpg,1,train
NAL/Nal091.jpg,1,train
NBL/Nbl019.jpg,1,train
NBL/Nbl030.jpg,1,train
NGL/Ngl027.jpg,1,train
NIL/Nil070.jpg,1,train
Ael/Ael492.jpg,1,train
Gal/Gal108.jpg,1,train
FAL/Fal078.jpg,1,train
FCL/Fcl026.jpg,1,train
FFL/FFL020.JPG,1,train
FFL/Ffl092.jpg,1,train
FDL/Fdl056.jpg,1,train
Ggl/Ggl058.jpg,1,train
NGL/Ngl004.jpg,1,train
NGL/Ngl088.jpg,1,train
FCl/Fcl068.jpg,1,train
Gcl/Gcl052.jpg,1,train
NFL/Nfl074.jpg,0,train
Gzl/gzl82.jpg,0,train
NDL/Ndl075.jpg,0,train
NDL/Ndl056.jpg,0,train
NDL/Ndl058.jpg,0,train
NGL/Ngl037.jpg,0,train
NML/Nml094.jpg,0,train
A3l/Acl225.jpg,0,train
Gal/Gal238.jpg,0,train
NGL/Ngl090.jpg,0,train
NCL/Ncl051.jpg,0,train
NCL/Ncl069.jpg,0,train
NDL/Ndl009.jpg,0,train
NDL/Ndl018.jpg,0,train
NDL/Ndl031.jpg,0,train
NDL/Ndl035.jpg,0,train
NIL/Nil010.jpg,0,train
NLL/Nll062.jpg,0,train
NLL/Nll084.jpg,0,train
NML/Nml006.jpg,0,train
A2l/Abl101.jpg,0,train
A3l/Acl243.jpg,0,train
Adl/Adl333.jpg,0,train
A1l/Aal066.jpg,0,train
A1l/Aal086.jpg,0,train
Adl/Adl319.jpg,0,train
Ael/Ael435.jpg,0,train
A1l/Aal012.jpg,0,train
A2l/Abl153.jpg,0,train
A2l/Abl161.jpg,0,train
A2l/Abl168.jpg,0,train
Adl/Adl348.jpg,0,train
Adl/Adl356.jpg,0,train
Ael/Ael471.jpg,0,train
Gzl/gzl70.jpg,0,train
Gal/Gal010.jpg,0,train
Gal/Gal025.jpg,0,train
Gal/Gal058.jpg,0,train
FAL/FAL042.JPG,0,train
Fll/Fll019.jpg,0,train
FBL/Fbl054.jpg,0,train
FBL/FBL062.JPG,0,train
FBL/Fbl076.jpg,0,train
FBL/Fbl094.jpg,0,train
Fll/Fll039.jpg,0,train
FCL/Fcl024.jpg,0,train
FCL/FCL052.JPG,0,train
FEL/Fel016.jpg,0,train
FEL/Fel034.jpg,0,train
FEL/Fel064.jpg,0,train
FEL/Fel068.jpg,0,train
FEL/Fel084.jpg,0,train
FFL/Ffl078.jpg,0,train
Fgl/Fgl014.jpg,0,train
Fgl/Fgl055.jpg,0,train
Fhl/Fhl038.jpg,0,train
Fhl/Fhl070.jpg,0,train
Fhl/Fhl072.jpg,0,train
Fhl/Fhl074.jpg,0,train
Fhl/Fhl090.jpg,0,train
NML/Nml067.jpg,0,train
NEL/Nel012.jpg,0,train
A3l/Acl285.jpg,0,train
NCL/Ncl100.jpg,0,train
NEL/Nel010.jpg,0,train
FDL/FDL016.JPG,0,train
Ggl/Ggl002.jpg,0,train
NBL/Nbl080.jpg,0,train
A3l/Acl263.jpg,0,train
Gzl/gzl68.jpg,0,train
NAL/Nal077.jpg,1,train
NAL/Nal099.jpg,1,train
NGL/Ngl068.jpg,1,train
NAL/Nal033.jpg,1,train
NAL/Nal049.jpg,1,train
NAL/Nal086.jpg,1,train
NGL/Ngl013.jpg,1,train
NGL/Ngl100.jpg,1,train
NIL/Nil066.jpg,1,train
Gzl/gzl16.jpg,1,train
FBL/FBL046.JPG,1,train
Fll/Fll027.jpg,1,train
NIL/Nil068.jpg,1,train
NIL/Nil082.jpg,1,train
NIL/Nil090.jpg,1,train
FAL/FAL094.JPG,1,train
FCL/Fcl092.jpg,1,train
Fgl/Fgl061.jpg,1,train
Fil/Fil010.jpg,1,train
NBL/Nbl044.jpg,1,train
NBL/Nbl074.jpg,1,train
Fil/Fil040.jpg,1,train
FCL/Fcl016.jpg,1,train
NCL/Ncl020.jpg,0,train
NLL/Nll100.jpg,0,train
Gzl/gzl58.jpg,0,train
Ggl/Ggl026.jpg,0,train
Fgl/Fgl037.jpg,0,train
New/newl030.jpg,0,train
NFL/Nfl050.jpg,0,train
NGL/Ngl072.jpg,0,train
A1l/Aal068.jpg,0,train
Ggl/Ggl006.jpg,0,train
Fgl/Fgl063.jpg,0,train
NBL/Nbl081.jpg,0,train
NCL/Ncl012.jpg,0,train
NDL/ndl013.jpg,0,train
NDL/Ndl027.jpg,0,train
NDL/Ndl037.jpg,0,train
NFL/Nfl052.jpg,0,train
NGL/Ngl049.jpg,0,train
NGL/Ngl053.jpg,0,train
NGL/Ngl094.jpg,0,train
NIL/Nil025.jpg,0,train
NIL/Nil045.jpg,0,train
NIL/Nil054.jpg,0,train
NLL/Nll046.jpg,0,train
NLL/Nll069.jpg,0,train
NLL/Nll102.jpg,0,train
NLL/Nll104.jpg,0,train
NML/Nml018.jpg,0,train
A2l/Abl121.jpg,0,train
A3l/Acl247.jpg,0,train
Adl/Adl344.jpg,0,train
A1l/Aal052.jpg,0,train
A1l/Aal096.jpg,0,train
A2l/Abl139.jpg,0,train
A3l/Acl287.jpg,0,train
A2l/Abl143.jpg,0,train
A3l/Acl279.jpg,0,train
A3l/Acl299.jpg,0,train
Adl/Adl329.jpg,0,train
Adl/Adl335.jpg,0,train
Adl/Adl366.jpg,0,train
Gzl/gzl34.jpg,0,train
FAL/Fal050.jpg,0,train
FBL/Fbl010.jpg,0,train
FBL/Fbl088.jpg,0,train
FCL/FCL018.JPG,0,train
FCL/Fcl038.jpg,0,train
FCL/Fcl094.jpg,0,train
FEL/Fel024.jpg,0,train
FEL/Fel030.jpg,0,train
FEL/Fel082.jpg,0,train
FEL/Fel086.jpg,0,train
FEL/Fel088.jpg,0,train
FFL/FFL004.JPG,0,train
Ggl/Ggl076.jpg,0,train
Fgl/Fgl012.jpg,0,train
Fgl/Fgl005.jpg,0,train
Fgl/Fgl047.jpg,0,train
Fhl/Fhl030.jpg,0,train
Fhl/Fhl076.jpg,0,train
Fhl/Fhl084.jpg,0,train
Fhl/Fhl096.jpg,0,train
Fil/Fil062.jpg,0,train
Fil/Fil094.jpg,0,train
Gal/Gal216.jpg,0,train
NFL/Nfl036.jpg,0,train
A2l/Abl193.jpg,0,train
FFL/Ffl062.jpg,0,train
FFL/Ffl096.jpg,0,train
NEL/Nel005.jpg,0,train
NLL/Nll058.jpg,0,train
NML/Nml063.jpg,0,train
NGL/NGL010.JPG,1,train
NGL/Ngl084.jpg,1,train
Gal/Gal185.jpg,1,train
FCL/FCL074.JPG,1,train
FDL/FDL036.JPG,1,train
Fil/Fil004.jpg,1,train
NGL/Ngl019.jpg,1,train
NGL/Ngl021.jpg,1,train
Gzl/gzl76.jpg,1,train
Fhl/Fhl046.jpg,1,train
New/newl059.jpg,1,train
NBL/Nbl060.jpg,1,train
A1l/Aal002bis.jpg,1,train
Ael/Ael494.jpg,1,train
Gal/Gal220.jpg,1,train
Gal/Gal209.jpg,1,train
FCL/FCL056.JPG,1,train
FCL/FCL084.JPG,1,train
New/newl045.jpg,1,train
NBL/Nbl046.jpg,1,train
NDL/ndl085.jpg,0,train
NML/Nml071.jpg,0,train
Adl/Adl399.jpg,0,train
Gzl/gzl14.jpg,0,train
FBL/FBL042.JPG,0,train
FEL/Fel074.jpg,0,train
Fgl/Fgl074.jpg,0,train
New/newl034.jpg,0,train
Ael/Ael508.jpg,0,validation
Fgl/Fgl090.jpg,0,validation
NBL/Nbl095.jpg,0,validation
NCL/Ncl022.jpg,0,validation
NDL/Ndl025.jpg,0,validation
NGL/Ngl092.jpg,0,validation
NIL/Nil006.jpg,0,validation
NIL/Nil021.jpg,0,validation
NLL/Nll106.jpg,0,validation
NML/Nml002.jpg,0,validation
Adl/Adl387.jpg,0,validation
A3l/Acl245.jpg,0,validation
A3l/Acl251.jpg,0,validation
A3l/Acl264.jpg,0,validation
A1l/Aal099bis.jpg,0,validation
A3l/Acl219.jpg,0,validation
A3l/Acl281.jpg,0,validation
A2l/Abl163.jpg,0,validation
A2l/Abl195.jpg,0,validation
A3l/Acl215.jpg,0,validation
A1l/Aal004.jpg,0,validation
Gzl/gzl66.jpg,0,validation
Gal/Gal230.jpg,0,validation
FAL/Fal064.jpg,0,validation
FBL/Fbl038.jpg,0,validation
FBL/Fbl048.jpg,0,validation
FBL/Fbl092.jpg,0,validation
Fll/Fll041.jpg,0,validation
FCL/Fcl048.jpg,0,validation
FFL/FFL002.JPG,0,validation
FFL/Ffl014.jpg,0,validation
FFL/Ffl016.jpg,0,validation
Fll/Fll065.jpg,0,validation
FDL/Fdl054.jpg,0,validation
Ggl/Ggl088.jpg,0,validation
Fgl/Fgl042.jpg,0,validation
Fhl/Fhl088.jpg,0,validation
NGL/Ngl098.jpg,0,validation
NML/Nml047.jpg,0,validation
NLL/Nll050.jpg,0,validation
Adl/Adl337bis.jpg,0,validation
NAL/Nal082.jpg,1,validation
NBL/Nbl007.jpg,1,validation
NBL/Nbl022.jpg,1,validation
NIL/Nil031.jpg,1,validation
NIL/Nil084.jpg,1,validation
Gal/Gal039.jpg,1,validation
Fil/Fil052.jpg,1,validation
NAL/Nal057.jpg,1,validation
NAL/Nal097.jpg,1,validation
NBL/Nbl004.jpg,1,validation
NFL/nfl070.jpg,1,validation
NGL/Ngl008.jpg,1,validation
NGL/Ngl017.jpg,1,validation
NIL/Nil078.jpg,1,validation
NIL/Nil103.jpg,1,validation
NML/Nml077.jpg,1,validation
Gal/Gal113.jpg,1,validation
Fil/Fil006.jpg,1,validation
Fil/Fil032.jpg,1,validation
NAL/Nal002.jpg,1,validation
NGL/NGL025.JPG,1,validation
Gzl/gzl12.jpg,1,validation
Gbl/Gbl014.jpg,1,validation
Ggl/Ggl040.jpg,1,validation
Fll/Fll126.jpg,1,validation
NBL/NBL049.JPG,1,validation
NGL/Ngl006.jpg,1,validation
NGL/Ngl015.jpg,1,validation
NIL/Nil062.jpg,1,validation
Gzl/gzl78.jpg,1,validation
New/newl036.jpg,1,validation
NDL/Ndl069.jpg,0,validation
NDL/Ndl071.jpg,0,validation
NML/Nml010.jpg,0,validation
NML/Nml012.jpg,0,validation
NML/Nml016.jpg,0,validation
Adl/Adl395.jpg,0,validation
Ggl/Ggl010.jpg,0,validation
Fgl/Fgl087.jpg,0,validation
Ael/Ael512.jpg,0,validation
NBL/Nbl098.jpg,0,validation
NCL/Ncl004.jpg,0,validation
NIL/Nil027.jpg,0,validation
NIL/Nil056.jpg,0,validation
NIL/Nil060.jpg,0,validation
NLL/NLL067.JPG,0,validation
Adl/Adl375.jpg,0,validation
A1l/Aal078.jpg,0,validation
Ael/Ael477.jpg,0,validation
Ael/Ael481.jpg,0,validation
A2l/Abl155.jpg,0,validation
A2l/Abl167.jpg,0,validation
A2l/Abl179.jpg,0,validation
Adl/Adl350.jpg,0,validation
A1l/Aal006.jpg,0,validation
Gzl/gzl08.jpg,0,validation
FAL/Fal072.jpg,0,validation
FBL/Fbl006.jpg,0,validation
Fll/Fll023.jpg,0,validation
FCL/Fcl098.jpg,0,validation
FEL/Fel002.jpg,0,validation
FEL/Fel018.jpg,0,validation
FFL/FFL008.JPG,0,validation
Fgl/Fgl002.jpg,0,validation
Ggl/Ggl074.jpg,0,validation
Fgl/Fgl072.jpg,0,validation
Fgl/Fgl078.jpg,0,validation
Fhl/Fhl034.jpg,0,validation
Fhl/Fhl040.jpg,0,validation
Fhl/Fhl094.jpg,0,validation
Fhl/Fhl100.jpg,0,validation
Fil/Fil088.jpg,0,validation
FAL/FAL022.JPG,0,validation
NML/Nml039.jpg,0,validation
FDL/FDL022.JPG,0,validation
NML/Nml051.jpg,0,validation
Gzl/gzl52.jpg,0,validation
FFL/Ffl042.jpg,0,validation
Ggl/Ggl044.jpg,0,validation
NAL/Nal020.jpg,1,validation
NFL/Nfl054.jpg,1,validation
NGL/Ngl002.jpg,1,validation
Gzl/gzl20.jpg,1,validation
Gzl/gzl28.jpg,1,validation
FCL/FCL058.JPG,1,validation
FDL/Fdl014.jpg,1,validation
Ggl/Ggl036.jpg,1,validation
Fll/Fll085.jpg,1,validation
NBL/Nbl028.jpg,1,validation
NML/Nml079.jpg,1,validation
Ael/Ael490.jpg,1,validation
Ael/Ael504.jpg,1,validation
Gal/Gal146.jpg,1,validation
Gal/Gal211.jpg,1,validation
FBL/FBL058.JPG,1,validation
FCL/Fcl100.jpg,1,validation
Gbl/Gbl009.jpg,1,validation
Gdl/Gdl025.jpg,1,validation
New/newl049.jpg,1,validation
NGL/Ngl041.jpg,1,validation
NIL/Nil064.jpg,1,validation
Gal/Gal262.jpg,1,validation
FAL/FAL006.JPG,1,validation
FBL/FBL020.JPG,1,validation
Fll/Fll047.jpg,1,validation
Fll/Fll069.jpg,1,validation
Gdl/Gdl034.jpg,1,validation
NML/Nml020.jpg,1,validation
NBL/NBL041.JPG,1,validation
FEL/Fel092.jpg,0,validation
NBL/Nbl100.jpg,0,validation
NDL/Ndl068.jpg,0,validation
NDL/Ndl079.jpg,0,validation
NGL/Ngl029.jpg,0,validation
NGL/Ngl031.jpg,0,validation
NIL/Nil058.jpg,0,validation
NML/Nml096.jpg,0,validation
A3l/Acl207.jpg,0,validation
FAL/FAL070.JPG,0,validation
FFL/Ffl034.jpg,0,validation
NFL/Nfl040.jpg,0,test
Ael/Ael442.jpg,0,test
Ael/Ael446.jpg,0,test
FCL/Fcl088.jpg,0,test
NDL/Ndl005.jpg,0,test
NBL/Nbl076.jpg,0,test
NCL/Ncl053.jpg,0,test
NDL/Ndl022.jpg,0,test
NIL/Nil002.jpg,0,test
NIL/Nil048.jpg,0,test
NLL/Nll020.jpg,0,test
NLL/nll022.jpg,0,test
NML/Nml008.jpg,0,test
A2l/Abl112.jpg,0,test
A1l/Aal088.jpg,0,test
A1l/Aal090.jpg,0,test
A1l/Aal094.jpg,0,test
A2l/Abl191.jpg,0,test
A3l/Acl283.jpg,0,test
A2l/Abl145.jpg,0,test
A3l/Acl259.jpg,0,test
Adl/Adl346.jpg,0,test
Ael/Ael517.jpg,0,test
Ael/Ael523.jpg,0,test
Ael/Ael525.jpg,0,test
Gzl/gzl62.jpg,0,test
Gzl/gzl80.jpg,0,test
Gzl/gzl86.jpg,0,test
Gal/Gal016.jpg,0,test
Gal/Gal049.jpg,0,test
Gal/Gal152.jpg,0,test
FBL/Fbl004.jpg,0,test
FBL/Fbl056.jpg,0,test
FBL/Fbl064.jpg,0,test
FBL/Fbl068.jpg,0,test
FBL/Fbl072.jpg,0,test
FBL/Fbl098.jpg,0,test
Fll/Fll035.jpg,0,test
FCL/Fcl010.jpg,0,test
Fll/Fll043.jpg,0,test
FEL/Fel052.jpg,0,test
FDL/Fdl030.jpg,0,test
Fhl/Fhl042.jpg,0,test
Fhl/Fhl086.jpg,0,test
Fml/Fml020.jpg,0,test
NFL/Nfl034.jpg,0,test
NCL/Ncl027.jpg,0,test
NLL/Nll040.jpg,0,test
NLL/Nll088.jpg,0,test
Ggl/Ggl042.jpg,0,test
NAL/Nal090.jpg,1,test
NAL/Nal052.jpg,1,test
NBL/Nbl013.jpg,1,test
FBL/Fbl028.jpg,1,test
Fll/Fll122.jpg,1,test
NAL/Nal064.jpg,1,test
NBL/Nbl006.jpg,1,test
NBL/Nbl017.jpg,1,test
Adl/Adl305.jpg,1,test
Adl/Adl313.jpg,1,test
FAL/FAL066.JPG,1,test
FBL/Fbl050.jpg,1,test
FBL/Fbl082.jpg,1,test
Gdl/Gdl014.jpg,1,test
Fll/Fll116.jpg,1,test
NAL/Nal008.jpg,1,test
Gzl/gzl26.jpg,1,test
Gcl/Gcl058.jpg,1,test
Ggl/Ggl054.jpg,1,test
Fll/Fll128.jpg,1,test
Ael/Ael514.jpg,1,test
NCL/Ncl032.jpg,0,test
NDL/Ndl046.jpg,0,test
NDL/Ndl050.jpg,0,test
NDL/Ndl060.jpg,0,test
NIL/Nil029.jpg,0,test
Ael/Ael421.jpg,0,test
A3l/Acl295.jpg,0,test
FBL/Fbl040.jpg,0,test
FFL/Ffl084.jpg,0,test
New/newl039.jpg,0,test
Adl/Adl325.jpg,0,test
Gzl/gzl42.jpg,0,test
NBL/Nbl086.jpg,0,test
NCL/Ncl030.jpg,0,test
NCL/Ncl048.jpg,0,test
NCL/Ncl056.jpg,0,test
NCL/Ncl083.jpg,0,test
NDL/Ndl028.jpg,0,test
NIL/Nil035.jpg,0,test
NIL/Nil043.jpg,0,test
NLL/Nll016.jpg,0,test
NLL/Nll042.jpg,0,test
NLL/Nll098.jpg,0,test
NML/Nml034.jpg,0,test
NML/Nml085.jpg,0,test
A2l/Abl116.jpg,0,test
A2l/Abl127.jpg,0,test
A1l/Aal044.jpg,0,test
A1l/Aal062.jpg,0,test
Ael/Ael448.jpg,0,test
A1l/Aal010.jpg,0,test
A2l/Abl177.jpg,0,test
A3l/Acl235.jpg,0,test
A3l/Acl241.jpg,0,test
Adl/Adl340.jpg,0,test
Adl/Adl371.jpg,0,test
Ael/Ael419.jpg,0,test
Ael/Ael433.jpg,0,test
Ael/Ael467.jpg,0,test
Gzl/gzl56.jpg,0,test
FAL/FAL044.JPG,0,test
FAL/Fal100.jpg,0,test
FBL/Fbl036.jpg,0,test
FBL/Fbl080.jpg,0,test
Fll/Fll037.jpg,0,test
FCL/Fcl050.jpg,0,test
FCL/Fcl090.jpg,0,test
FEL/Fel072.jpg,0,test
FEL/Fel096.jpg,0,test
FDL/Fdl002.jpg,0,test
Fll/Fll083.jpg,0,test
Ggl/Ggl024.jpg,0,test
Ggl/Ggl052.jpg,0,test
Ggl/Ggl078.jpg,0,test
Fhl/Fhl092.jpg,0,test
NLL/Nll024.jpg,0,test
NGL/Ngl086.jpg,0,test
Gdl/Gdl100.jpg,0,test
Ggl/Ggl008.jpg,0,test
Fll/Fll089.jpg,0,test
NAL/Nal073.jpg,1,test
NAL/Nal088.jpg,1,test
NBL/Nbl031.jpg,1,test
NGL/Ngl062.jpg,1,test
Adl/Adl301.jpg,1,test
FBL/FBL026.JPG,1,test
FCL/Fcl022.jpg,1,test
Ggl/Ggl068.jpg,1,test
Fgl/Fgl029.jpg,1,test
Fgl/Fgl057.jpg,1,test
NAL/Nal035.jpg,1,test
NBL/Nbl034.jpg,1,test
NFL/nfl072.jpg,1,test
NML/Nml022.jpg,1,test
Gzl/gzl04.jpg,1,test
FFL/Ffl094.jpg,1,test
Fll/Fll071.jpg,1,test
Gcl/Gcl094.jpg,1,test
Fll/Fll097.jpg,1,test
New/newl014.jpg,1,test
New/newl047.jpg,1,test
New/newl051.jpg,1,test
NBL/Nbl059.jpg,1,test
NLL/nll014.jpg,1,test
A1l/Aal002.jpg,1,test
Gdl/Gdl012.jpg,1,test
NBL/Nbl037.jpg,1,test
NBL/Nbl054.jpg,1,test
NCL/Ncl078.jpg,0,test
NDL/Ndl083.jpg,0,test
NGL/Ngl033.jpg,0,test
Ael/Ael465.jpg,0,test
Gal/Gal222.jpg,0,test
NCL/Ncl044.jpg,0,test
NCL/Ncl063.jpg,0,test
NCL/Ncl085.jpg,0,test
NDL/Ndl021.jpg,0,test
NDL/Ndl039.jpg,0,test
NGL/Ngl043.jpg,0,test
NIL/Nil008.jpg,0,test
NLL/Nll018.jpg,0,test
NLL/nll026.jpg,0,test
NLL/Nll076.jpg,0,test
NML/Nml014.jpg,0,test
A2l/Abl123.jpg,0,test
A3l/Acl253.jpg,0,test
A2l/Abl137.jpg,0,test
A2l/Abl165.jpg,0,test
A2l/Abl171.jpg,0,test
A2l/Abl175.jpg,0,test
A3l/Acl221.jpg,0,test
A1l/Aal008.jpg,0,test
Gal/Gal232.jpg,0,test
FAL/Fal024.jpg,0,test
FBL/Fbl002.jpg,0,test
Fll/Fll021.jpg,0,test
FBL/Fbl090.jpg,0,test
FCL/Fcl028.jpg,0,test
FCL/Fcl030.jpg,0,test
FDL/Fdl028.jpg,0,test
Ggl/Ggl062.jpg,0,test
Fgl/Fgl010.jpg,0,test
Fgl/Fgl051.jpg,0,test
Fgl/Fgl068.jpg,0,test
Fhl/Fhl032.jpg,0,test
Fhl/Fhl098.jpg,0,test
Gal/Gal218.jpg,0,test
Adl/Adl377.jpg,0,test
A3l/Acl203.jpg,0,test
NAL/Nal022.jpg,1,test
NAL/Nal037.jpg,1,test
NAL/Nal080.jpg,1,test
NBL/Nbl001.jpg,1,test
NBL/Nbl025.jpg,1,test
NIL/Nil080.jpg,1,test
Gdl/Gdl037.jpg,1,test
Fgl/Fgl018.jpg,1,test
NAL/nal095.jpg,1,test
NGL/Ngl064.jpg,1,test
NIL/Nil076.jpg,1,test
Gal/Gal257.jpg,1,test
FCL/Fcl060.jpg,1,test
Fll/Fll045.jpg,1,test
Gdl/Gdl021.jpg,1,test
Ggl/Ggl050.jpg,1,test
Fgl/Fgl083.jpg,1,test
Fll/Fll132.jpg,1,test
NML/Nml073.jpg,1,test
FFL/FFL068.JPG,1,test
Gdl/Gdl023.jpg,1,test
Fll/Fll130.jpg,1,test
NBL/Nbl048.jpg,1,test
NML/Nml081.jpg,1,test
Ael/Ael498.jpg,1,test
Gzl/gzl64.jpg,1,test
FDL/FDL052.JPG,1,test
Fgl/Fgl044.jpg,1,test
Fil/Fil008.jpg,1,test
NML/Nml004.jpg,0,test
NDL/Ndl052.jpg,0,test
NDL/NDL063.JPG,0,test
NIL/Nil004.jpg,0,test
NIL/Nil023.jpg,0,test
NML/Nml049.jpg,0,test
Ael/Ael401.jpg,0,test
Ael/Ael405.jpg,0,test
FBL/Fbl018.jpg,0,test
FEL/Fel038.jpg,0,test
FEL/Fel080.jpg,0,test
NFL/Nfl048.jpg,0,test
Ael/Ael444.jpg,0,test
Ael/Ael510.jpg,0,test
Gzl/gzl24.jpg,0,test
Ggl/Ggl004.jpg,0,test
NCL/Ncl008.jpg,0,test
NDL/Ndl012.jpg,0,test
NDL/Ndl033.jpg,0,test
NDL/Ndl040.jpg,0,test
NFL/Nfl032.jpg,0,test
NGL/Ngl023.jpg,0,test
NGL/Ngl076.jpg,0,test
NHL/Nhl015.jpg,0,test
NIL/Nil037.jpg,0,test
NLL/nll032.jpg,0,test
NLL/Nll094.jpg,0,test
A2l/Abl118.jpg,0,test
A1l/Aal046.jpg,0,test
A1l/Aal056.jpg,0,test
A1l/Aal064.jpg,0,test
A3l/Acl223.jpg,0,test
Adl/Adl362.jpg,0,test
A2l/Abl151.jpg,0,test
A3l/Acl217.jpg,0,test
Ael/Ael413.jpg,0,test
Ael/Ael425.jpg,0,test
FAL/FAL038.JPG,0,test
FBL/Fbl022.jpg,0,test
FBL/Fbl074.jpg,0,test
FCL/Fcl032.jpg,0,test
FCL/Fcl036.jpg,0,test
FCL/FCL066.JPG,0,test
FCL/Fcl080.jpg,0,test
FFL/Ffl010.jpg,0,test
FFL/FFL032.JPG,0,test
FFL/Ffl066.jpg,0,test
FFL/Ffl082.jpg,0,test
Ggl/Ggl034.jpg,0,test
Fll/Fll087.jpg,0,test
Fhl/Fhl064.jpg,0,test
Fhl/Fhl066.jpg,0,test
Fhl/Fhl080.jpg,0,test
Fll/Fll142.jpg,0,test
FDL/Fdl062.jpg,0,test
NEL/Nel008.jpg,0,test
Ael/Ael475.jpg,0,test
Gal/Gal033.jpg,0,test
FBL/Fbl030.jpg,0,test
NAL/Nal047.jpg,1,test
NAL/Nal066.jpg,1,test
New/newl053.jpg,1,test
NAL/Nal005.jpg,1,test
NAL/Nal070.jpg,1,test
NGL/Ngl055.jpg,1,test
NLL/Nll002.jpg,1,test
Gzl/gzl50.jpg,1,test
Fgl/Fgl082.jpg,1,test
Fll/Fll108.jpg,1,test
Fll/Fll118.jpg,1,test
NBL/Nbl063.jpg,1,test
NGL/Ngl066.jpg,1,test
NML/Nml024.jpg,1,test
Fgl/Fgl006.jpg,1,test
Fll/Fll136.jpg,1,test
NBL/Nbl040.jpg,1,test
NGL/Ngl057.jpg,1,test
NHL/Nhl017.jpg,1,test
NIL/Nil086.jpg,1,test
Gcl/Gcl039.jpg,1,test
NBL/Nbl042.jpg,1,test
NBL/Nbl088.jpg,0,test
NCL/Ncl095.jpg,0,test
NDL/Ndl074.jpg,0,test
NDL/Ndl081.jpg,0,test
NGL/Ngl078.jpg,0,test
Adl/Adl358.jpg,0,test
Ael/Ael407.jpg,0,test
Ael/Ael484.jpg,0,test
Gal/Gal191.jpg,0,test
Adl/Adl389.jpg,1,test
